[
  {
    "op": "core/text-transform",
    "engineConfig": {
      "facets": [
        {
          "type": "list",
          "name": "neighbourhood_group",
          "expression": "value",
          "columnName": "neighbourhood_group",
          "invert": false,
          "omitBlank": false,
          "omitError": false,
          "selection": [
            {
              "v": {
                "v": "Staten Island",
                "l": "Staten Island"
              }
            }
          ],
          "selectBlank": false,
          "selectError": false
        }
      ],
      "mode": "row-based"
    },
    "columnName": "latitude",
    "expression": "grel:value.replace(value,'')",
    "onError": "keep-original",
    "repeat": false,
    "repeatCount": 10,
    "description": "Text transform on cells in column latitude using expression grel:value.replace(value,'')"
  },
  {
    "op": "core/text-transform",
    "engineConfig": {
      "facets": [
        {
          "type": "list",
          "name": "neighbourhood_group",
          "expression": "value",
          "columnName": "neighbourhood_group",
          "invert": false,
          "omitBlank": false,
          "omitError": false,
          "selection": [
            {
              "v": {
                "v": "Staten Island",
                "l": "Staten Island"
              }
            }
          ],
          "selectBlank": false,
          "selectError": false
        }
      ],
      "mode": "row-based"
    },
    "columnName": "number_of_reviews",
    "expression": "grel:value.replace(value,'')",
    "onError": "keep-original",
    "repeat": false,
    "repeatCount": 10,
    "description": "Text transform on cells in column number_of_reviews using expression grel:value.replace(value,'')"
  },
  {
    "op": "core/text-transform",
    "engineConfig": {
      "facets": [
        {
          "type": "list",
          "name": "neighbourhood_group",
          "expression": "value",
          "columnName": "neighbourhood_group",
          "invert": false,
          "omitBlank": false,
          "omitError": false,
          "selection": [
            {
              "v": {
                "v": "Staten Island",
                "l": "Staten Island"
              }
            }
          ],
          "selectBlank": false,
          "selectError": false
        }
      ],
      "mode": "row-based"
    },
    "columnName": "reviews_per_month",
    "expression": "grel:value.replace(value,'')",
    "onError": "keep-original",
    "repeat": false,
    "repeatCount": 10,
    "description": "Text transform on cells in column reviews_per_month using expression grel:value.replace(value,'')"
  },
  {
    "op": "core/text-transform",
    "engineConfig": {
      "facets": [
        {
          "type": "list",
          "name": "neighbourhood_group",
          "expression": "value",
          "columnName": "neighbourhood_group",
          "invert": false,
          "omitBlank": false,
          "omitError": false,
          "selection": [
            {
              "v": {
                "v": "Queens",
                "l": "Queens"
              }
            }
          ],
          "selectBlank": false,
          "selectError": false
        },
        {
          "type": "list",
          "name": "availability_365",
          "expression": "value",
          "columnName": "availability_365",
          "invert": false,
          "omitBlank": false,
          "omitError": false,
          "selection": [
            {
              "v": {
                "v": "0",
                "l": "0"
              }
            }
          ],
          "selectBlank": false,
          "selectError": false
        }
      ],
      "mode": "row-based"
    },
    "columnName": "last_review",
    "expression": "grel:value.toDate('yyyy-mm-dd','dd-MM-yyyy').toString('dd-mm-yyyy')",
    "onError": "keep-original",
    "repeat": false,
    "repeatCount": 10,
    "description": "Text transform on cells in column last_review using expression grel:value.toDate('yyyy-mm-dd','dd-MM-yyyy').toString('dd-mm-yyyy')"
  },
  {
    "op": "core/text-transform",
    "engineConfig": {
      "facets": [
        {
          "type": "list",
          "name": "neighbourhood_group",
          "expression": "value",
          "columnName": "neighbourhood_group",
          "invert": false,
          "omitBlank": false,
          "omitError": false,
          "selection": [
            {
              "v": {
                "v": "Queens",
                "l": "Queens"
              }
            }
          ],
          "selectBlank": false,
          "selectError": false
        },
        {
          "type": "list",
          "name": "neighbourhood",
          "expression": "value",
          "columnName": "neighbourhood",
          "invert": false,
          "omitBlank": false,
          "omitError": false,
          "selection": [
            {
              "v": {
                "v": "Sunnyside",
                "l": "Sunnyside"
              }
            }
          ],
          "selectBlank": false,
          "selectError": false
        }
      ],
      "mode": "row-based"
    },
    "columnName": "id",
    "expression": "grel:value.replace(value,'39593')",
    "onError": "keep-original",
    "repeat": false,
    "repeatCount": 10,
    "description": "Text transform on cells in column id using expression grel:value.replace(value,'39593')"
  },
  {
    "op": "core/text-transform",
    "engineConfig": {
      "facets": [
        {
          "type": "list",
          "name": "neighbourhood_group",
          "expression": "value",
          "columnName": "neighbourhood_group",
          "invert": false,
          "omitBlank": false,
          "omitError": false,
          "selection": [
            {
              "v": {
                "v": "Bronx",
                "l": "Bronx"
              }
            }
          ],
          "selectBlank": false,
          "selectError": false
        }
      ],
      "mode": "row-based"
    },
    "columnName": "latitude",
    "expression": "grel:value+( toNumber(2*(row.index)))",
    "onError": "keep-original",
    "repeat": false,
    "repeatCount": 10,
    "description": "Text transform on cells in column latitude using expression grel:value+( toNumber(2*(row.index)))"
  },
  {
    "op": "core/text-transform",
    "engineConfig": {
      "facets": [
        {
          "type": "list",
          "name": "neighbourhood_group",
          "expression": "value",
          "columnName": "neighbourhood_group",
          "invert": false,
          "omitBlank": false,
          "omitError": false,
          "selection": [
            {
              "v": {
                "v": "Bronx",
                "l": "Bronx"
              }
            }
          ],
          "selectBlank": false,
          "selectError": false
        }
      ],
      "mode": "row-based"
    },
    "columnName": "longitude",
    "expression": "grel:value+( toNumber(2*(row.index)))",
    "onError": "keep-original",
    "repeat": false,
    "repeatCount": 10,
    "description": "Text transform on cells in column longitude using expression grel:value+( toNumber(2*(row.index)))"
  },
  {
    "op": "core/text-transform",
    "engineConfig": {
      "facets": [
        {
          "type": "list",
          "name": "neighbourhood_group",
          "expression": "value",
          "columnName": "neighbourhood_group",
          "invert": false,
          "omitBlank": false,
          "omitError": false,
          "selection": [
            {
              "v": {
                "v": "Bronx",
                "l": "Bronx"
              }
            }
          ],
          "selectBlank": false,
          "selectError": false
        }
      ],
      "mode": "row-based"
    },
    "columnName": "availability_365",
    "expression": "grel:toNumber(value)+ toNumber(80)",
    "onError": "keep-original",
    "repeat": false,
    "repeatCount": 10,
    "description": "Text transform on cells in column availability_365 using expression grel:toNumber(value)+ toNumber(80)"
  },
  {
    "op": "core/text-transform",
    "engineConfig": {
      "facets": [
        {
          "type": "list",
          "name": "neighbourhood_group",
          "expression": "value",
          "columnName": "neighbourhood_group",
          "invert": false,
          "omitBlank": false,
          "omitError": false,
          "selection": [
            {
              "v": {
                "v": "Bronx",
                "l": "Bronx"
              }
            }
          ],
          "selectBlank": false,
          "selectError": false
        }
      ],
      "mode": "row-based"
    },
    "columnName": "minimum_nights",
    "expression": "grel:toNumber(value)*-1)",
    "onError": "keep-original",
    "repeat": false,
    "repeatCount": 10,
    "description": "Text transform on cells in column minimum_nights using expression grel:toNumber(value)*-1)"
  },
  {
    "op": "core/text-transform",
    "engineConfig": {
      "facets": [
        {
          "type": "list",
          "name": "neighbourhood_group",
          "expression": "value",
          "columnName": "neighbourhood_group",
          "invert": false,
          "omitBlank": false,
          "omitError": false,
          "selection": [
            {
              "v": {
                "v": "Manhattan",
                "l": "Manhattan"
              }
            }
          ],
          "selectBlank": false,
          "selectError": false
        },
        {
          "type": "list",
          "name": "neighbourhood",
          "expression": "value",
          "columnName": "neighbourhood",
          "invert": false,
          "omitBlank": false,
          "omitError": false,
          "selection": [
            {
              "v": {
                "v": "Lower East Side",
                "l": "Lower East Side"
              }
            }
          ],
          "selectBlank": false,
          "selectError": false
        }
      ],
      "mode": "row-based"
    },
    "columnName": "price",
    "expression": "grel:toNumber(value)*-1",
    "onError": "keep-original",
    "repeat": false,
    "repeatCount": 10,
    "description": "Text transform on cells in column price using expression grel:toNumber(value)*-1"
  },
  {
    "op": "core/text-transform",
    "engineConfig": {
      "facets": [
        {
          "type": "list",
          "name": "neighbourhood_group",
          "expression": "value",
          "columnName": "neighbourhood_group",
          "invert": false,
          "omitBlank": false,
          "omitError": false,
          "selection": [
            {
              "v": {
                "v": "Queens",
                "l": "Queens"
              }
            }
          ],
          "selectBlank": false,
          "selectError": false
        }
      ],
      "mode": "row-based"
    },
    "columnName": "last_review",
    "expression": "grel:value.replace(value,\"dates\")",
    "onError": "keep-original",
    "repeat": false,
    "repeatCount": 10,
    "description": "Text transform on cells in column last_review using expression grel:value.replace(value,\"dates\")"
  },
  {
    "op": "core/text-transform",
    "engineConfig": {
      "facets": [
        {
          "type": "list",
          "name": "neighbourhood_group",
          "expression": "value",
          "columnName": "neighbourhood_group",
          "invert": false,
          "omitBlank": false,
          "omitError": false,
          "selection": [
            {
              "v": {
                "v": "Queens",
                "l": "Queens"
              }
            }
          ],
          "selectBlank": false,
          "selectError": false
        },
        {
          "type": "list",
          "name": "neighbourhood",
          "expression": "value",
          "columnName": "neighbourhood",
          "invert": false,
          "omitBlank": false,
          "omitError": false,
          "selection": [
            {
              "v": {
                "v": "Long Island City",
                "l": "Long Island City"
              }
            }
          ],
          "selectBlank": false,
          "selectError": false
        }
      ],
      "mode": "row-based"
    },
    "columnName": "neighbourhood_group",
    "expression": "grel:value.replace(value[1],'')",
    "onError": "keep-original",
    "repeat": false,
    "repeatCount": 10,
    "description": "Text transform on cells in column neighbourhood_group using expression grel:value.replace(value[1],'')"
  }
]